<ImportExportXml xmlns:xsi="http://www.w3.org/2001/XMLSchema-instance">
  <Entities></Entities>
  <Roles></Roles>
  <Workflows>
    <Workflow WorkflowId="{f20edd8d-33eb-405b-b796-809cdcc07dcc}" Name="fileupload">
      <XamlFileName>/Workflows/fileupload-F20EDD8D-33EB-405B-B796-809CDCC07DCC.xaml</XamlFileName>
      <Type>1</Type>
      <Subprocess>0</Subprocess>
      <Category>3</Category>
      <Mode>0</Mode>
      <Scope>4</Scope>
      <OnDemand>1</OnDemand>
      <TriggerOnCreate>0</TriggerOnCreate>
      <TriggerOnDelete>0</TriggerOnDelete>
      <AsyncAutodelete>0</AsyncAutodelete>
      <SyncWorkflowLogOnFailure>1</SyncWorkflowLogOnFailure>
      <StateCode>1</StateCode>
      <StatusCode>2</StatusCode>
      <CreateStage>40</CreateStage>
      <RunAs>1</RunAs>
      <SdkMessageId>{f11ef692-1a41-e811-9404-00155d00c101}</SdkMessageId>
      <UniqueName>fileupload</UniqueName>
      <IsTransacted>1</IsTransacted>
      <IntroducedVersion>1.0.0.0</IntroducedVersion>
      <IsCustomizable>1</IsCustomizable>
      <PrimaryEntity>none</PrimaryEntity>
    </Workflow>
    <Workflow WorkflowId="{386b361c-38cb-47f1-8fd8-5715e1b44885}" Name="dtconfiguration">
      <XamlFileName>/Workflows/dtconfiguration-386B361C-38CB-47F1-8FD8-5715E1B44885.xaml</XamlFileName>
      <Type>1</Type>
      <Subprocess>0</Subprocess>
      <Category>3</Category>
      <Mode>0</Mode>
      <Scope>4</Scope>
      <OnDemand>1</OnDemand>
      <TriggerOnCreate>0</TriggerOnCreate>
      <TriggerOnDelete>0</TriggerOnDelete>
      <AsyncAutodelete>0</AsyncAutodelete>
      <SyncWorkflowLogOnFailure>1</SyncWorkflowLogOnFailure>
      <StateCode>1</StateCode>
      <StatusCode>2</StatusCode>
      <CreateStage>40</CreateStage>
      <RunAs>1</RunAs>
      <SdkMessageId>{d048d3eb-6243-e811-9404-00155d00c101}</SdkMessageId>
      <UniqueName>dtconfiguration</UniqueName>
      <IsTransacted>1</IsTransacted>
      <IntroducedVersion>1.0.0.0</IntroducedVersion>
      <IsCustomizable>1</IsCustomizable>
      <PrimaryEntity>none</PrimaryEntity>
    </Workflow>
  </Workflows>
  <FieldSecurityProfiles></FieldSecurityProfiles>
  <Templates />
  <EntityMaps />
  <EntityRelationships />
  <OrganizationSettings />
  <optionsets />
  <WebResources>
    <WebResource>
      <WebResourceId>{98e0f90d-5640-e811-9404-00155d00c101}</WebResourceId>
      <Name>ita_/devtools/scripts/webapi.js</Name>
      <DisplayName>Web Api</DisplayName>
      <WebResourceType>3</WebResourceType>
      <IntroducedVersion>1.0.0.0</IntroducedVersion>
      <IsEnabledForMobileClient>0</IsEnabledForMobileClient>
      <IsAvailableForMobileOffline>0</IsAvailableForMobileOffline>
      <DependencyXml>&lt;Dependencies&gt;&lt;Dependency componentType="WebResource"/&gt;&lt;/Dependencies&gt;</DependencyXml>
      <IsCustomizable>1</IsCustomizable>
      <CanBeDeleted>1</CanBeDeleted>
      <IsHidden>0</IsHidden>
      <FileName>/WebResources/ita_devtoolsscriptswebapijs98E0F90D-5640-E811-9404-00155D00C101</FileName>
    </WebResource>
    <WebResource>
      <WebResourceId>{e86cd140-5640-e811-9404-00155d00c101}</WebResourceId>
      <Name>ita_/devtools/scripts/sdk_classes.js</Name>
      <DisplayName>Sdk Classes</DisplayName>
      <WebResourceType>3</WebResourceType>
      <IntroducedVersion>1.0.0.0</IntroducedVersion>
      <IsEnabledForMobileClient>0</IsEnabledForMobileClient>
      <IsAvailableForMobileOffline>0</IsAvailableForMobileOffline>
      <DependencyXml>&lt;Dependencies&gt;&lt;Dependency componentType="WebResource"/&gt;&lt;/Dependencies&gt;</DependencyXml>
      <IsCustomizable>1</IsCustomizable>
      <CanBeDeleted>1</CanBeDeleted>
      <IsHidden>0</IsHidden>
      <FileName>/WebResources/ita_devtoolsscriptssdk_classesjsE86CD140-5640-E811-9404-00155D00C101</FileName>
    </WebResource>
    <WebResource>
      <WebResourceId>{ec1e425e-5640-e811-9404-00155d00c101}</WebResourceId>
      <Name>ita_/devtools/scripts/devtools_ui.js</Name>
      <DisplayName>Dev Tools UI</DisplayName>
      <WebResourceType>3</WebResourceType>
      <IntroducedVersion>1.0.0.0</IntroducedVersion>
      <IsEnabledForMobileClient>0</IsEnabledForMobileClient>
      <IsAvailableForMobileOffline>0</IsAvailableForMobileOffline>
      <DependencyXml>&lt;Dependencies&gt;&lt;Dependency componentType="WebResource"/&gt;&lt;/Dependencies&gt;</DependencyXml>
      <IsCustomizable>1</IsCustomizable>
      <CanBeDeleted>1</CanBeDeleted>
      <IsHidden>0</IsHidden>
      <FileName>/WebResources/ita_devtoolsscriptsdevtools_uijsEC1E425E-5640-E811-9404-00155D00C101</FileName>
    </WebResource>
    <WebResource>
      <WebResourceId>{6435cea5-5640-e811-9404-00155d00c101}</WebResourceId>
      <Name>ita_/devtools/scripts/vuecontext.js</Name>
      <DisplayName>Vue Context Menu</DisplayName>
      <WebResourceType>3</WebResourceType>
      <IntroducedVersion>1.0.0.0</IntroducedVersion>
      <IsEnabledForMobileClient>0</IsEnabledForMobileClient>
      <IsAvailableForMobileOffline>0</IsAvailableForMobileOffline>
      <DependencyXml>&lt;Dependencies&gt;&lt;Dependency componentType="WebResource"/&gt;&lt;/Dependencies&gt;</DependencyXml>
      <IsCustomizable>1</IsCustomizable>
      <CanBeDeleted>1</CanBeDeleted>
      <IsHidden>0</IsHidden>
      <FileName>/WebResources/ita_devtoolsscriptsvuecontextjs6435CEA5-5640-E811-9404-00155D00C101</FileName>
    </WebResource>
    <WebResource>
      <WebResourceId>{2e996bd0-5640-e811-9404-00155d00c101}</WebResourceId>
      <Name>ita_/devtools/scripts/vuesplitpane.min.js</Name>
      <DisplayName>Vue Split Pane</DisplayName>
      <WebResourceType>3</WebResourceType>
      <IntroducedVersion>1.0.0.0</IntroducedVersion>
      <IsEnabledForMobileClient>0</IsEnabledForMobileClient>
      <IsAvailableForMobileOffline>0</IsAvailableForMobileOffline>
      <DependencyXml>&lt;Dependencies&gt;&lt;Dependency componentType="WebResource"/&gt;&lt;/Dependencies&gt;</DependencyXml>
      <IsCustomizable>1</IsCustomizable>
      <CanBeDeleted>1</CanBeDeleted>
      <IsHidden>0</IsHidden>
      <FileName>/WebResources/ita_devtoolsscriptsvuesplitpaneminjs2E996BD0-5640-E811-9404-00155D00C101</FileName>
    </WebResource>
    <WebResource>
      <WebResourceId>{c86c8c1f-5740-e811-9404-00155d00c101}</WebResourceId>
      <Name>ita_/devtools/content/devtools.css</Name>
      <DisplayName>Dev Tools css</DisplayName>
      <WebResourceType>2</WebResourceType>
      <IntroducedVersion>1.0.0.0</IntroducedVersion>
      <IsEnabledForMobileClient>0</IsEnabledForMobileClient>
      <IsAvailableForMobileOffline>0</IsAvailableForMobileOffline>
      <DependencyXml>&lt;Dependencies&gt;&lt;Dependency componentType="WebResource"/&gt;&lt;/Dependencies&gt;</DependencyXml>
      <IsCustomizable>1</IsCustomizable>
      <CanBeDeleted>1</CanBeDeleted>
      <IsHidden>0</IsHidden>
      <FileName>/WebResources/ita_devtoolscontentdevtoolscssC86C8C1F-5740-E811-9404-00155D00C101</FileName>
    </WebResource>
    <WebResource>
      <WebResourceId>{dae3b338-5740-e811-9404-00155d00c101}</WebResourceId>
      <Name>ita_/devtools/pluginregistration.html</Name>
      <DisplayName>Plugin Registration</DisplayName>
      <WebResourceType>1</WebResourceType>
      <IntroducedVersion>1.0.0.0</IntroducedVersion>
      <IsEnabledForMobileClient>0</IsEnabledForMobileClient>
      <IsAvailableForMobileOffline>0</IsAvailableForMobileOffline>
      <DependencyXml>&lt;Dependencies&gt;&lt;Dependency componentType="WebResource"/&gt;&lt;/Dependencies&gt;</DependencyXml>
      <IsCustomizable>1</IsCustomizable>
      <CanBeDeleted>1</CanBeDeleted>
      <IsHidden>0</IsHidden>
      <FileName>/WebResources/ita_devtoolspluginregistrationhtmlDAE3B338-5740-E811-9404-00155D00C101</FileName>
    </WebResource>
  </WebResources>
  <Languages>
    <Language>1033</Language>
  </Languages>
</ImportExportXml>